--------------------------------------------------------
--  File created - Tuesday-June-30-2020   
--------------------------------------------------------
--------------------------------------------------------
--  DDL for Table BARANG_06992
--------------------------------------------------------

  CREATE TABLE "ALAN_06992"."BARANG_06992" 
   (	"ID_BARANG" NUMBER(*,0), 
	"NAMA_BARANG" VARCHAR2(15 BYTE), 
	"HARGA_BARANG" NUMBER(15,0)
   ) SEGMENT CREATION IMMEDIATE 
  PCTFREE 10 PCTUSED 40 INITRANS 1 MAXTRANS 255 NOCOMPRESS LOGGING
  STORAGE(INITIAL 65536 NEXT 1048576 MINEXTENTS 1 MAXEXTENTS 2147483645
  PCTINCREASE 0 FREELISTS 1 FREELIST GROUPS 1 BUFFER_POOL DEFAULT FLASH_CACHE DEFAULT CELL_FLASH_CACHE DEFAULT)
  TABLESPACE "ALAN06992" ;
--------------------------------------------------------
--  DDL for Table DETAIL_06992
--------------------------------------------------------

  CREATE TABLE "ALAN_06992"."DETAIL_06992" 
   (	"QTY" NUMBER(15,0), 
	"SUBTOTAL" NUMBER(15,0), 
	"ID_PESAN" NUMBER(*,0), 
	"ID_BARANG" NUMBER(*,0)
   ) SEGMENT CREATION IMMEDIATE 
  PCTFREE 10 PCTUSED 40 INITRANS 1 MAXTRANS 255 NOCOMPRESS LOGGING
  STORAGE(INITIAL 65536 NEXT 1048576 MINEXTENTS 1 MAXEXTENTS 2147483645
  PCTINCREASE 0 FREELISTS 1 FREELIST GROUPS 1 BUFFER_POOL DEFAULT FLASH_CACHE DEFAULT CELL_FLASH_CACHE DEFAULT)
  TABLESPACE "ALAN06992" ;
--------------------------------------------------------
--  DDL for Table KASIR_06992
--------------------------------------------------------

  CREATE TABLE "ALAN_06992"."KASIR_06992" 
   (	"ID_KASIR" NUMBER(*,0), 
	"NAMA_KASIR" VARCHAR2(15 BYTE), 
	"PASSWORD" VARCHAR2(15 BYTE)
   ) SEGMENT CREATION IMMEDIATE 
  PCTFREE 10 PCTUSED 40 INITRANS 1 MAXTRANS 255 NOCOMPRESS LOGGING
  STORAGE(INITIAL 65536 NEXT 1048576 MINEXTENTS 1 MAXEXTENTS 2147483645
  PCTINCREASE 0 FREELISTS 1 FREELIST GROUPS 1 BUFFER_POOL DEFAULT FLASH_CACHE DEFAULT CELL_FLASH_CACHE DEFAULT)
  TABLESPACE "ALAN06992" ;
--------------------------------------------------------
--  DDL for Table PELANGGAN_06992
--------------------------------------------------------

  CREATE TABLE "ALAN_06992"."PELANGGAN_06992" 
   (	"ID_PELANGGAN" NUMBER(*,0), 
	"NAMA_PELANGGAN" VARCHAR2(15 BYTE), 
	"NO_TELP" NUMBER(15,0)
   ) SEGMENT CREATION IMMEDIATE 
  PCTFREE 10 PCTUSED 40 INITRANS 1 MAXTRANS 255 NOCOMPRESS LOGGING
  STORAGE(INITIAL 65536 NEXT 1048576 MINEXTENTS 1 MAXEXTENTS 2147483645
  PCTINCREASE 0 FREELISTS 1 FREELIST GROUPS 1 BUFFER_POOL DEFAULT FLASH_CACHE DEFAULT CELL_FLASH_CACHE DEFAULT)
  TABLESPACE "ALAN06992" ;
--------------------------------------------------------
--  DDL for Table PESAN_06992
--------------------------------------------------------

  CREATE TABLE "ALAN_06992"."PESAN_06992" 
   (	"ID_PESAN" NUMBER(*,0), 
	"ID_PELANGGAN" NUMBER(*,0), 
	"ID_SALES" NUMBER(*,0), 
	"TANGGAL" DATE, 
	"TOTAL" NUMBER(15,0), 
	"ID_TRANSAKSI" NUMBER(*,0)
   ) SEGMENT CREATION IMMEDIATE 
  PCTFREE 10 PCTUSED 40 INITRANS 1 MAXTRANS 255 NOCOMPRESS LOGGING
  STORAGE(INITIAL 65536 NEXT 1048576 MINEXTENTS 1 MAXEXTENTS 2147483645
  PCTINCREASE 0 FREELISTS 1 FREELIST GROUPS 1 BUFFER_POOL DEFAULT FLASH_CACHE DEFAULT CELL_FLASH_CACHE DEFAULT)
  TABLESPACE "ALAN06992" ;
--------------------------------------------------------
--  DDL for Table SALES_06992
--------------------------------------------------------

  CREATE TABLE "ALAN_06992"."SALES_06992" 
   (	"ID_SALES" NUMBER(*,0), 
	"NAMA_SALES" VARCHAR2(15 BYTE), 
	"PASSWORD" VARCHAR2(15 BYTE)
   ) SEGMENT CREATION IMMEDIATE 
  PCTFREE 10 PCTUSED 40 INITRANS 1 MAXTRANS 255 NOCOMPRESS LOGGING
  STORAGE(INITIAL 65536 NEXT 1048576 MINEXTENTS 1 MAXEXTENTS 2147483645
  PCTINCREASE 0 FREELISTS 1 FREELIST GROUPS 1 BUFFER_POOL DEFAULT FLASH_CACHE DEFAULT CELL_FLASH_CACHE DEFAULT)
  TABLESPACE "ALAN06992" ;
--------------------------------------------------------
--  DDL for Table TRANSAKSI_06992
--------------------------------------------------------

  CREATE TABLE "ALAN_06992"."TRANSAKSI_06992" 
   (	"ID_TRANSAKSI" NUMBER(*,0), 
	"BAYAR" NUMBER(15,0), 
	"KEMBALI" NUMBER(15,0), 
	"ID_PESAN" NUMBER(*,0), 
	"ID_KASIR" NUMBER(*,0)
   ) SEGMENT CREATION IMMEDIATE 
  PCTFREE 10 PCTUSED 40 INITRANS 1 MAXTRANS 255 NOCOMPRESS LOGGING
  STORAGE(INITIAL 65536 NEXT 1048576 MINEXTENTS 1 MAXEXTENTS 2147483645
  PCTINCREASE 0 FREELISTS 1 FREELIST GROUPS 1 BUFFER_POOL DEFAULT FLASH_CACHE DEFAULT CELL_FLASH_CACHE DEFAULT)
  TABLESPACE "ALAN06992" ;
--------------------------------------------------------
--  DDL for View LIST_DETAIL
--------------------------------------------------------

  CREATE OR REPLACE FORCE VIEW "ALAN_06992"."LIST_DETAIL" ("QTY", "SUBTOTAL", "ID_PESAN", "NAMA_PELANGGAN", "NAMA_BARANG", "HARGA_BARANG") AS 
  SELECT A.QTY, A.SUBTOTAL, A.ID_PESAN, B.NAMA_PELANGGAN, C.NAMA_BARANG, C.HARGA_BARANG
FROM DETAIL_06992 A JOIN LIST_PEMESANAN B
ON A.ID_PESAN = B.ID_PESAN
JOIN BARANG_06992 C
ON A.ID_BARANG = C.ID_BARANG
;
--------------------------------------------------------
--  DDL for View LIST_PEMESANAN
--------------------------------------------------------

  CREATE OR REPLACE FORCE VIEW "ALAN_06992"."LIST_PEMESANAN" ("ID_PESAN", "NAMA_PELANGGAN", "NAMA_SALES", "TANGGAL", "TOTAL", "ID_TRANSAKSI") AS 
  select a.id_pesan, b.nama_pelanggan, c.nama_sales, a.tanggal, a.total, a.id_transaksi
from pesan_06992 a left join pelanggan_06992 b
on a.id_pelanggan = b.id_pelanggan
left join sales_06992 c
on a.id_sales = c.id_sales
;
--------------------------------------------------------
--  DDL for View LIST_TRANSAKSI
--------------------------------------------------------

  CREATE OR REPLACE FORCE VIEW "ALAN_06992"."LIST_TRANSAKSI" ("ID_TRANSAKSI", "NAMA_PELANGGAN", "TOTAL", "BAYAR", "KEMBALI", "TANGGAL", "NAMA_KASIR", "NAMA_SALES", "ID_PESAN") AS 
  SELECT A.ID_TRANSAKSI, B.NAMA_PELANGGAN, B.TOTAL, A.BAYAR, A.KEMBALI, B.TANGGAL, C.NAMA_KASIR, B.NAMA_SALES, B.ID_PESAN
FROM TRANSAKSI_06992 A JOIN LIST_PEMESANAN B
ON A.ID_PESAN = B.ID_PESAN JOIN KASIR_06992 C
ON A.ID_KASIR = C.ID_KASIR
;
REM INSERTING into ALAN_06992.BARANG_06992
SET DEFINE OFF;
Insert into ALAN_06992.BARANG_06992 (ID_BARANG,NAMA_BARANG,HARGA_BARANG) values (1,'televisi',7000000);
Insert into ALAN_06992.BARANG_06992 (ID_BARANG,NAMA_BARANG,HARGA_BARANG) values (2,'hp',3000000);
Insert into ALAN_06992.BARANG_06992 (ID_BARANG,NAMA_BARANG,HARGA_BARANG) values (3,'laptop',8000000);
Insert into ALAN_06992.BARANG_06992 (ID_BARANG,NAMA_BARANG,HARGA_BARANG) values (4,'kulkas',11000000);
Insert into ALAN_06992.BARANG_06992 (ID_BARANG,NAMA_BARANG,HARGA_BARANG) values (5,'kipas',1000000);
REM INSERTING into ALAN_06992.DETAIL_06992
SET DEFINE OFF;
Insert into ALAN_06992.DETAIL_06992 (QTY,SUBTOTAL,ID_PESAN,ID_BARANG) values (1,1000000,1,5);
Insert into ALAN_06992.DETAIL_06992 (QTY,SUBTOTAL,ID_PESAN,ID_BARANG) values (1,7000000,2,1);
Insert into ALAN_06992.DETAIL_06992 (QTY,SUBTOTAL,ID_PESAN,ID_BARANG) values (1,7000000,3,1);
Insert into ALAN_06992.DETAIL_06992 (QTY,SUBTOTAL,ID_PESAN,ID_BARANG) values (2,6000000,3,2);
Insert into ALAN_06992.DETAIL_06992 (QTY,SUBTOTAL,ID_PESAN,ID_BARANG) values (1,7000000,5,1);
Insert into ALAN_06992.DETAIL_06992 (QTY,SUBTOTAL,ID_PESAN,ID_BARANG) values (3,21000000,1,1);
Insert into ALAN_06992.DETAIL_06992 (QTY,SUBTOTAL,ID_PESAN,ID_BARANG) values (2,6000000,1,2);
Insert into ALAN_06992.DETAIL_06992 (QTY,SUBTOTAL,ID_PESAN,ID_BARANG) values (1,11000000,4,4);
Insert into ALAN_06992.DETAIL_06992 (QTY,SUBTOTAL,ID_PESAN,ID_BARANG) values (2,14000000,4,1);
Insert into ALAN_06992.DETAIL_06992 (QTY,SUBTOTAL,ID_PESAN,ID_BARANG) values (1,3000000,4,2);
REM INSERTING into ALAN_06992.KASIR_06992
SET DEFINE OFF;
Insert into ALAN_06992.KASIR_06992 (ID_KASIR,NAMA_KASIR,PASSWORD) values (1,'rifki','pas1');
Insert into ALAN_06992.KASIR_06992 (ID_KASIR,NAMA_KASIR,PASSWORD) values (2,'farid','pas2');
Insert into ALAN_06992.KASIR_06992 (ID_KASIR,NAMA_KASIR,PASSWORD) values (3,'fery','pas3');
Insert into ALAN_06992.KASIR_06992 (ID_KASIR,NAMA_KASIR,PASSWORD) values (4,'emir','pas4');
Insert into ALAN_06992.KASIR_06992 (ID_KASIR,NAMA_KASIR,PASSWORD) values (5,'fikri','pas5');
REM INSERTING into ALAN_06992.PELANGGAN_06992
SET DEFINE OFF;
Insert into ALAN_06992.PELANGGAN_06992 (ID_PELANGGAN,NAMA_PELANGGAN,NO_TELP) values (1,'alan',12345);
Insert into ALAN_06992.PELANGGAN_06992 (ID_PELANGGAN,NAMA_PELANGGAN,NO_TELP) values (2,'michael',23451);
Insert into ALAN_06992.PELANGGAN_06992 (ID_PELANGGAN,NAMA_PELANGGAN,NO_TELP) values (3,'odil',34512);
Insert into ALAN_06992.PELANGGAN_06992 (ID_PELANGGAN,NAMA_PELANGGAN,NO_TELP) values (4,'eric',45123);
Insert into ALAN_06992.PELANGGAN_06992 (ID_PELANGGAN,NAMA_PELANGGAN,NO_TELP) values (5,'sita',51234);
REM INSERTING into ALAN_06992.PESAN_06992
SET DEFINE OFF;
Insert into ALAN_06992.PESAN_06992 (ID_PESAN,ID_PELANGGAN,ID_SALES,TANGGAL,TOTAL,ID_TRANSAKSI) values (2,1,3,to_date('13-FEB-20','DD-MON-RR'),7000000,2);
Insert into ALAN_06992.PESAN_06992 (ID_PESAN,ID_PELANGGAN,ID_SALES,TANGGAL,TOTAL,ID_TRANSAKSI) values (3,4,3,to_date('13-FEB-20','DD-MON-RR'),13000000,3);
Insert into ALAN_06992.PESAN_06992 (ID_PESAN,ID_PELANGGAN,ID_SALES,TANGGAL,TOTAL,ID_TRANSAKSI) values (5,4,1,to_date('13-FEB-20','DD-MON-RR'),7000000,5);
Insert into ALAN_06992.PESAN_06992 (ID_PESAN,ID_PELANGGAN,ID_SALES,TANGGAL,TOTAL,ID_TRANSAKSI) values (1,1,1,to_date('13-FEB-20','DD-MON-RR'),28000000,1);
Insert into ALAN_06992.PESAN_06992 (ID_PESAN,ID_PELANGGAN,ID_SALES,TANGGAL,TOTAL,ID_TRANSAKSI) values (4,1,1,to_date('13-FEB-20','DD-MON-RR'),28000000,4);
REM INSERTING into ALAN_06992.SALES_06992
SET DEFINE OFF;
Insert into ALAN_06992.SALES_06992 (ID_SALES,NAMA_SALES,PASSWORD) values (1,'adi','sal1');
Insert into ALAN_06992.SALES_06992 (ID_SALES,NAMA_SALES,PASSWORD) values (2,'ocsar','sal2');
Insert into ALAN_06992.SALES_06992 (ID_SALES,NAMA_SALES,PASSWORD) values (3,'dimas','sal3');
Insert into ALAN_06992.SALES_06992 (ID_SALES,NAMA_SALES,PASSWORD) values (4,'rifai','sal4');
Insert into ALAN_06992.SALES_06992 (ID_SALES,NAMA_SALES,PASSWORD) values (5,'ilham','sal5');
REM INSERTING into ALAN_06992.TRANSAKSI_06992
SET DEFINE OFF;
Insert into ALAN_06992.TRANSAKSI_06992 (ID_TRANSAKSI,BAYAR,KEMBALI,ID_PESAN,ID_KASIR) values (3,20000000,7000000,3,3);
Insert into ALAN_06992.TRANSAKSI_06992 (ID_TRANSAKSI,BAYAR,KEMBALI,ID_PESAN,ID_KASIR) values (4,50000000,22000000,4,3);
Insert into ALAN_06992.TRANSAKSI_06992 (ID_TRANSAKSI,BAYAR,KEMBALI,ID_PESAN,ID_KASIR) values (5,20000000,13000000,5,2);
Insert into ALAN_06992.TRANSAKSI_06992 (ID_TRANSAKSI,BAYAR,KEMBALI,ID_PESAN,ID_KASIR) values (1,50000000,22000000,1,3);
Insert into ALAN_06992.TRANSAKSI_06992 (ID_TRANSAKSI,BAYAR,KEMBALI,ID_PESAN,ID_KASIR) values (2,20000000,13000000,2,3);
--------------------------------------------------------
--  DDL for Index PK_SALES
--------------------------------------------------------

  CREATE UNIQUE INDEX "ALAN_06992"."PK_SALES" ON "ALAN_06992"."SALES_06992" ("ID_SALES") 
  PCTFREE 10 INITRANS 2 MAXTRANS 255 COMPUTE STATISTICS 
  STORAGE(INITIAL 65536 NEXT 1048576 MINEXTENTS 1 MAXEXTENTS 2147483645
  PCTINCREASE 0 FREELISTS 1 FREELIST GROUPS 1 BUFFER_POOL DEFAULT FLASH_CACHE DEFAULT CELL_FLASH_CACHE DEFAULT)
  TABLESPACE "ALAN06992" ;
--------------------------------------------------------
--  DDL for Index PK_PESAN
--------------------------------------------------------

  CREATE UNIQUE INDEX "ALAN_06992"."PK_PESAN" ON "ALAN_06992"."PESAN_06992" ("ID_PESAN") 
  PCTFREE 10 INITRANS 2 MAXTRANS 255 COMPUTE STATISTICS 
  STORAGE(INITIAL 65536 NEXT 1048576 MINEXTENTS 1 MAXEXTENTS 2147483645
  PCTINCREASE 0 FREELISTS 1 FREELIST GROUPS 1 BUFFER_POOL DEFAULT FLASH_CACHE DEFAULT CELL_FLASH_CACHE DEFAULT)
  TABLESPACE "ALAN06992" ;
--------------------------------------------------------
--  DDL for Index PK_TRANSAKSI
--------------------------------------------------------

  CREATE UNIQUE INDEX "ALAN_06992"."PK_TRANSAKSI" ON "ALAN_06992"."TRANSAKSI_06992" ("ID_TRANSAKSI") 
  PCTFREE 10 INITRANS 2 MAXTRANS 255 COMPUTE STATISTICS 
  STORAGE(INITIAL 65536 NEXT 1048576 MINEXTENTS 1 MAXEXTENTS 2147483645
  PCTINCREASE 0 FREELISTS 1 FREELIST GROUPS 1 BUFFER_POOL DEFAULT FLASH_CACHE DEFAULT CELL_FLASH_CACHE DEFAULT)
  TABLESPACE "ALAN06992" ;
--------------------------------------------------------
--  DDL for Index PK_PELANGGAN
--------------------------------------------------------

  CREATE UNIQUE INDEX "ALAN_06992"."PK_PELANGGAN" ON "ALAN_06992"."PELANGGAN_06992" ("ID_PELANGGAN") 
  PCTFREE 10 INITRANS 2 MAXTRANS 255 COMPUTE STATISTICS 
  STORAGE(INITIAL 65536 NEXT 1048576 MINEXTENTS 1 MAXEXTENTS 2147483645
  PCTINCREASE 0 FREELISTS 1 FREELIST GROUPS 1 BUFFER_POOL DEFAULT FLASH_CACHE DEFAULT CELL_FLASH_CACHE DEFAULT)
  TABLESPACE "ALAN06992" ;
--------------------------------------------------------
--  DDL for Index PK_KASIR
--------------------------------------------------------

  CREATE UNIQUE INDEX "ALAN_06992"."PK_KASIR" ON "ALAN_06992"."KASIR_06992" ("ID_KASIR") 
  PCTFREE 10 INITRANS 2 MAXTRANS 255 COMPUTE STATISTICS 
  STORAGE(INITIAL 65536 NEXT 1048576 MINEXTENTS 1 MAXEXTENTS 2147483645
  PCTINCREASE 0 FREELISTS 1 FREELIST GROUPS 1 BUFFER_POOL DEFAULT FLASH_CACHE DEFAULT CELL_FLASH_CACHE DEFAULT)
  TABLESPACE "ALAN06992" ;
--------------------------------------------------------
--  DDL for Index PK_BARANG
--------------------------------------------------------

  CREATE UNIQUE INDEX "ALAN_06992"."PK_BARANG" ON "ALAN_06992"."BARANG_06992" ("ID_BARANG") 
  PCTFREE 10 INITRANS 2 MAXTRANS 255 COMPUTE STATISTICS 
  STORAGE(INITIAL 65536 NEXT 1048576 MINEXTENTS 1 MAXEXTENTS 2147483645
  PCTINCREASE 0 FREELISTS 1 FREELIST GROUPS 1 BUFFER_POOL DEFAULT FLASH_CACHE DEFAULT CELL_FLASH_CACHE DEFAULT)
  TABLESPACE "ALAN06992" ;
--------------------------------------------------------
--  Constraints for Table PESAN_06992
--------------------------------------------------------

  ALTER TABLE "ALAN_06992"."PESAN_06992" ADD CONSTRAINT "PK_PESAN" PRIMARY KEY ("ID_PESAN")
  USING INDEX PCTFREE 10 INITRANS 2 MAXTRANS 255 COMPUTE STATISTICS 
  STORAGE(INITIAL 65536 NEXT 1048576 MINEXTENTS 1 MAXEXTENTS 2147483645
  PCTINCREASE 0 FREELISTS 1 FREELIST GROUPS 1 BUFFER_POOL DEFAULT FLASH_CACHE DEFAULT CELL_FLASH_CACHE DEFAULT)
  TABLESPACE "ALAN06992"  ENABLE;
  ALTER TABLE "ALAN_06992"."PESAN_06992" MODIFY ("ID_PESAN" NOT NULL ENABLE);
--------------------------------------------------------
--  Constraints for Table PELANGGAN_06992
--------------------------------------------------------

  ALTER TABLE "ALAN_06992"."PELANGGAN_06992" ADD CONSTRAINT "PK_PELANGGAN" PRIMARY KEY ("ID_PELANGGAN")
  USING INDEX PCTFREE 10 INITRANS 2 MAXTRANS 255 COMPUTE STATISTICS 
  STORAGE(INITIAL 65536 NEXT 1048576 MINEXTENTS 1 MAXEXTENTS 2147483645
  PCTINCREASE 0 FREELISTS 1 FREELIST GROUPS 1 BUFFER_POOL DEFAULT FLASH_CACHE DEFAULT CELL_FLASH_CACHE DEFAULT)
  TABLESPACE "ALAN06992"  ENABLE;
  ALTER TABLE "ALAN_06992"."PELANGGAN_06992" MODIFY ("ID_PELANGGAN" NOT NULL ENABLE);
--------------------------------------------------------
--  Constraints for Table BARANG_06992
--------------------------------------------------------

  ALTER TABLE "ALAN_06992"."BARANG_06992" ADD CONSTRAINT "PK_BARANG" PRIMARY KEY ("ID_BARANG")
  USING INDEX PCTFREE 10 INITRANS 2 MAXTRANS 255 COMPUTE STATISTICS 
  STORAGE(INITIAL 65536 NEXT 1048576 MINEXTENTS 1 MAXEXTENTS 2147483645
  PCTINCREASE 0 FREELISTS 1 FREELIST GROUPS 1 BUFFER_POOL DEFAULT FLASH_CACHE DEFAULT CELL_FLASH_CACHE DEFAULT)
  TABLESPACE "ALAN06992"  ENABLE;
  ALTER TABLE "ALAN_06992"."BARANG_06992" MODIFY ("ID_BARANG" NOT NULL ENABLE);
--------------------------------------------------------
--  Constraints for Table TRANSAKSI_06992
--------------------------------------------------------

  ALTER TABLE "ALAN_06992"."TRANSAKSI_06992" ADD CONSTRAINT "PK_TRANSAKSI" PRIMARY KEY ("ID_TRANSAKSI")
  USING INDEX PCTFREE 10 INITRANS 2 MAXTRANS 255 COMPUTE STATISTICS 
  STORAGE(INITIAL 65536 NEXT 1048576 MINEXTENTS 1 MAXEXTENTS 2147483645
  PCTINCREASE 0 FREELISTS 1 FREELIST GROUPS 1 BUFFER_POOL DEFAULT FLASH_CACHE DEFAULT CELL_FLASH_CACHE DEFAULT)
  TABLESPACE "ALAN06992"  ENABLE;
  ALTER TABLE "ALAN_06992"."TRANSAKSI_06992" MODIFY ("ID_TRANSAKSI" NOT NULL ENABLE);
--------------------------------------------------------
--  Constraints for Table SALES_06992
--------------------------------------------------------

  ALTER TABLE "ALAN_06992"."SALES_06992" ADD CONSTRAINT "PK_SALES" PRIMARY KEY ("ID_SALES")
  USING INDEX PCTFREE 10 INITRANS 2 MAXTRANS 255 COMPUTE STATISTICS 
  STORAGE(INITIAL 65536 NEXT 1048576 MINEXTENTS 1 MAXEXTENTS 2147483645
  PCTINCREASE 0 FREELISTS 1 FREELIST GROUPS 1 BUFFER_POOL DEFAULT FLASH_CACHE DEFAULT CELL_FLASH_CACHE DEFAULT)
  TABLESPACE "ALAN06992"  ENABLE;
  ALTER TABLE "ALAN_06992"."SALES_06992" MODIFY ("ID_SALES" NOT NULL ENABLE);
--------------------------------------------------------
--  Constraints for Table KASIR_06992
--------------------------------------------------------

  ALTER TABLE "ALAN_06992"."KASIR_06992" ADD CONSTRAINT "PK_KASIR" PRIMARY KEY ("ID_KASIR")
  USING INDEX PCTFREE 10 INITRANS 2 MAXTRANS 255 COMPUTE STATISTICS 
  STORAGE(INITIAL 65536 NEXT 1048576 MINEXTENTS 1 MAXEXTENTS 2147483645
  PCTINCREASE 0 FREELISTS 1 FREELIST GROUPS 1 BUFFER_POOL DEFAULT FLASH_CACHE DEFAULT CELL_FLASH_CACHE DEFAULT)
  TABLESPACE "ALAN06992"  ENABLE;
  ALTER TABLE "ALAN_06992"."KASIR_06992" MODIFY ("ID_KASIR" NOT NULL ENABLE);
--------------------------------------------------------
--  Ref Constraints for Table DETAIL_06992
--------------------------------------------------------

  ALTER TABLE "ALAN_06992"."DETAIL_06992" ADD CONSTRAINT "FK_ID_BARANG" FOREIGN KEY ("ID_BARANG")
	  REFERENCES "ALAN_06992"."BARANG_06992" ("ID_BARANG") ENABLE;
  ALTER TABLE "ALAN_06992"."DETAIL_06992" ADD CONSTRAINT "FK_ID_PESANAN" FOREIGN KEY ("ID_PESAN")
	  REFERENCES "ALAN_06992"."PESAN_06992" ("ID_PESAN") ENABLE;
--------------------------------------------------------
--  Ref Constraints for Table PESAN_06992
--------------------------------------------------------

  ALTER TABLE "ALAN_06992"."PESAN_06992" ADD CONSTRAINT "FK_ID_PELANGGAN" FOREIGN KEY ("ID_PELANGGAN")
	  REFERENCES "ALAN_06992"."PELANGGAN_06992" ("ID_PELANGGAN") ENABLE;
  ALTER TABLE "ALAN_06992"."PESAN_06992" ADD CONSTRAINT "FK_ID_SALES" FOREIGN KEY ("ID_SALES")
	  REFERENCES "ALAN_06992"."SALES_06992" ("ID_SALES") ENABLE;
  ALTER TABLE "ALAN_06992"."PESAN_06992" ADD CONSTRAINT "FK_ID_TRANSAKSI" FOREIGN KEY ("ID_TRANSAKSI")
	  REFERENCES "ALAN_06992"."TRANSAKSI_06992" ("ID_TRANSAKSI") ENABLE;
--------------------------------------------------------
--  Ref Constraints for Table TRANSAKSI_06992
--------------------------------------------------------

  ALTER TABLE "ALAN_06992"."TRANSAKSI_06992" ADD CONSTRAINT "FK_ID_KASIR" FOREIGN KEY ("ID_KASIR")
	  REFERENCES "ALAN_06992"."KASIR_06992" ("ID_KASIR") ENABLE;
  ALTER TABLE "ALAN_06992"."TRANSAKSI_06992" ADD CONSTRAINT "FK_ID_PESAN" FOREIGN KEY ("ID_PESAN")
	  REFERENCES "ALAN_06992"."PESAN_06992" ("ID_PESAN") ENABLE;
